wkp,name_en,name_ja
Q73801,Microsoft Studios,マイクロソフトゲームスタジオ
Q94893,Rockstar North,Rockstar North
Q94912,Rockstar Games,Rockstar Games
Q94933,Take-Two Interactive,テイクツー・インタラクティブ
Q94937,2K Games,2K Games
Q780528,Atlus,アトラス
Q782028,Game Freak,ゲームフリーク
Q795583,Neowiz Games,NeoWiz Japan
Q488551,Pentavision,PENTAVISION
Q494614,Sierra Entertainment,シエラエンターテインメント
Q1137822,Gala Inc.,ガーラ
Q1140960,Sonic Team,ソニックチーム
Q1141245,Insomniac Games,インソムニアックゲームズ
Q1142226,Nihon Falcom,日本ファルコム
Q1707830,Sanzaru Games,サンザルゲームズ
Q1750959,Rockstar Leeds,Rockstar Leeds
Q1774120,Kee Games,キーゲームズ
Q1781791,Namco Tales Studio,ナムコ・テイルズスタジオ
Q1782700,Infogrames Entertainment,インフォグラム
Q115129,Silicon Knights,シリコンナイツ
Q116371,Q-Games,キュー・ゲームス
Q123018,Nintendo Software Technology,Nintendo Software Technology Corporation
Q130744,Playground Games,プレイグランドゲーム
Q133445,2K Sports,2K Sports
Q133482,Visual Concepts,Visual Concepts
Q840550,Alfa System,アルファ・システム
Q845047,Koei,コーエー
Q1143659,Nippon Ichi Software,日本一ソフトウェア
Q1148541,VisualArt's,ビジュアルアーツ
Q1172213,Data East,データイースト
Q1187058,Twilight Frontier,黄昏フロンティア
Q507269,"Bandai Co., Ltd.",バンダイ
Q512003,Creatures,クリーチャーズ
Q527336,"Atari, Inc.",GTインタラクティブ
Q531167,Retro Studios,レトロスタジオ
Q150001,Intelligent Systems,インテリジェントシステムズ
Q161223,07th Expansion,07th Expansion
Q164716,Crytek,Crytek
Q170420,Nintendo Entertainment Analysis & Development,任天堂情報開発本部
Q1812475,Stainless Games,Stainless Games
Q1849951,Milestone,マイルストーン
Q1868589,Loki Software,Loki Software
Q542018,SCE Worldwide Studios,SCEワールドワイド・スタジオ
Q553658,Deep Silver,ディープ・シルバー
Q562078,Nexon,NEXON
Q564275,Red Entertainment,レッド・エンタテインメント
Q860398,Active Enterprises,Active Enterprises
Q860580,Tencent Holdings,テンセント
Q864258,Akabeisoft2,AKABEiSOFT2
Q173941,Electronic Arts,エレクトロニック・アーツ
Q174561,Kemco,ケムコ
Q1923795,Yuke's,ユークス
Q570081,Quantic Dream,クアンティック・ドリーム
Q580866,THQ,THQ
Q869104,Core Design,コア・デザイン
Q870095,Rovio Entertainment,ロビオ・エンターテインメント
Q871504,Giga,戯画
Q1188050,Treasure,トレジャー
Q1191897,Grasshopper Manufacture,グラスホッパー・マニファクチュア
Q1193116,Turtle Rock Studios,タートル・ロック・スタジオ
Q1193678,Origin Systems,Origin Systems
Q1194689,Bandai Namco Entertainment,バンダイナムコエンターテインメント
Q890779,Bohemia Interactive,Bohemia Interactive Studio
Q907357,Monolith Productions,Monolith Productions
Q912291,Mitchell Corporation,ミッチェル
Q600338,Big Huge Games,ビッグ・ヒュージ・ゲームス
Q601299,Video System,ビデオシステム
Q611487,Bullfrog Productions,ブルフロッグ
Q178824,Blizzard Entertainment,ブリザード・エンターテインメント
Q185613,Nival,ニーバル
Q188273,Ubisoft,ユービーアイソフト
Q1204929,2K Marin,2K Marin
Q1207809,Gust Co. Ltd.,ガスト
Q1224739,Digital Extremes,デジタル・エクストリームス
Q1229035,Disney Interactive Studios,ディズニー・インタラクティブ・スタジオ
Q1239326,Monolith Soft,モノリスソフト
Q1930918,U.S. Gold,U.S. Gold
Q1933462,SCE Studio Liverpool,SCEスタジオ・リバプール
Q1947354,Vicarious Visions,バイカリアス・ビジョンズ
Q1985279,AlphaDream Corporation,アルファドリーム
Q2018532,Love-de-Lic,ラブデリック
Q2020713,Rockstar Vancouver,ロックスター・バンクーバー
Q916714,Sucker Punch Productions,サッカーパンチプロダクションズ
Q918638,Funcom,ファンコム
Q927312,Simtex,シムテックス
Q928122,Crystal Dynamics,クリスタル・ダイナミックス
Q1251435,Double Fine Productions,ダブルファインプロダクションズ
Q1296433,Technosoft,テクノソフト
Q1317078,Sora Ltd.,ソラ
Q1318002,Sledgehammer Games,スレッジハンマーゲームズ
Q189557,ZeniMax Media,ゼニマックス・メディア
Q193559,Valve Corporation,Valve Corporation
Q195722,Grateful Days,グレイトフルデイズ
Q611508,Creative Assembly,クリエイティブ・アッセンブリー
Q616651,Triumph Studios,Triumph Studios
Q617752,Irem,アイレムソフトウェアエンジニアリング
Q625647,Netmarble,ネットマーブル
Q628249,Interplay Entertainment,インタープレイ (アメリカ合衆国のゲーム会社)
Q642707,Rare Ltd.,レア
Q205500,Zipper Interactive,ジッパーインタラクティブ
Q207784,Square Enix,スクウェア・エニックス
Q207922,Atari,アタリ
Q2039757,Takumi Corporation,タクミコーポレーション
Q2054310,Nintendo Software Planning & Development,任天堂企画開発本部
Q2062521,GRIN,GRIN
Q196259,NetEase,網易
Q200491,"Activision Publishing, Inc.",アクティビジョン
Q204474,id Software,id Software
Q651140,Media Molecule,メディアモレキュール
Q652421,MicroProse,マイクロプローズ
Q655656,Heavy Iron Studios,ヘブンリー・アイロン・スタジオ
Q1340558,Ready at Dawn,レディアットドーン
Q1343212,Enix,エニックス
Q1344080,Jaleco,ジャレコ
Q1358743,Technōs Japan Corporation,テクノスジャパン
Q212076,"2015, Inc.",2015 (企業)
Q216611,LucasArts,ルーカスアーツ
Q217493,Paradox Interactive,パラドックスインタラクティブ
Q656710,SCE Santa Monica Studio,SCEサンタモニカスタジオ
Q662567,Ariolasoft,アリオラソフト
Q668735,Big Fish Games,ビッグ フィッシュ ゲームズ
Q674686,Level-5,レベルファイブ
Q2066242,Techland,テックランド
Q219758,BioWare,バイオウェア
Q220317,Maxis,マクシス
Q2107938,"Turbine, Inc.",ターバイン
Q2130108,Toys For Bob,トイズ・フォー・ボブ
Q2255185,KID,KID
Q2271746,Tose Co.,トーセ
Q679933,Eidos Interactive,アイドス
Q684425,Bethesda Softworks,ベセスダ・ソフトワークス
Q684780,Camelot Software Planning,キャメロット
Q1371744,Banpresto,バンプレスト
Q1372258,Tokuma Shoten,徳間書店
Q1377647,Team Shanghai Alice,上海アリス幻樂団
Q1388106,NStigate Games,ニヒリスティックソフトウェア
Q959329,Rockstar San Diego,Rockstar San Diego
Q959672,Daybreak Game Company,ソニーオンラインエンタテインメント
Q959759,Firaxis Games,フィラクシス・ゲームズ
Q972745,Bugbear Entertainment,バグベアー・エンタテインメント
Q689093,Gameloft,ゲームロフト
Q699634,Factor 5,ファクター5
Q702550,International Games System,鈊象電子
Q2274654,Gremlin Interactive,グレムリン・インタラクティブ
Q2291232,Toaplan,東亜プラン
Q2298387,Sunsoft,サン電子
Q2298950,Starbreeze Studios,スターブリーズ・スタジオ
Q1403157,WMS Industries,ウィリアムス
Q1425540,Indie Built,インディー・ビルト
Q245772,Zynga,ジンガ
Q256907,Argonaut Games,アルゴノート・ゲームス
Q267949,Westwood Studios,Westwood
Q282152,PopTop Software,PopTop Software
Q2300984,Titus Software,タイタス・ソフトウェア
Q2307159,Rocksteady Studios,ロックステディ・スタジオ
Q2311125,High Impact Games,ハイインパクトゲームズ
Q2319420,Warner Bros. Interactive Entertainment,ワーナー・ブラザーズ
Q977906,Monte Cristo,モンテ・クリスト (企業)
Q980440,The Omni Group,The Omni Group
Q991149,1-UP Studio,ブラウニーブラウン
Q994003,Evolution Studios,Evolution Studios
Q995863,Brøderbund,ブローダーバンド
Q1458317,Deep Silver Volition,ボリション
Q1467154,Quintet,クインテット
Q1484338,G.rev,グレフ
Q1493042,Game Arts,ゲームアーツ
Q720871,Naughty Dog,ノーティドッグ
Q722027,EA DICE,EA Digital Illusions CE
Q727701,SIE Bend Studio,SCEベンドスタジオ
Q731482,Infinity Ward,Infinity Ward
Q735267,Bungie,バンジー
Q739552,Square,スクウェア
Q2352252,Stormfront Studios,ストーム・フロント・スタジオ
Q2353877,Blue Planet Software,ブループラネットソフトウェア
Q2373062,EA Black Box,EAブラックボックス
Q2373150,Spicy Horse,麻辣馬
Q2408214,Human Entertainment,ヒューマン
Q2409319,Vicious Cycle Software,ヴィシャス・サイクル・ソフトウェア
Q284989,Tri-Ace,トライエース
Q286153,Kaos Studios,ケイオス・スタジオ
Q287168,iQue,神游科技
Q290567,Hacker International,ハッカーインターナショナル
Q294587,Sega AM2,SEGA-AM2
Q302251,Frontier Developments,フロンティア・ディベロップメント
Q1023734,Cing,シング
Q1040450,Guerrilla Cambridge,ゲリラケンブリッジ
Q1044563,SNK,SNK
Q1045037,AliceSoft,アリスソフト
Q739711,Epic Games,Epic Games
Q742390,Dimps,ディンプス
Q743717,Irrational Games,Irrational Games
Q1502293,Genki,元気
Q1502832,Reality Pump Studios,リアリティ・ポンプ・スタジオ
Q1515682,Radical Entertainment,ラディカル・エンターテインメント
Q2414469,FromSoftware,フロム・ソフトウェア
Q2445401,Team Bondi,チーム・ボンディ
Q2461951,Alchemist,アルケミスト
Q303641,FASA Studio,FASA スタジオ （正式社名『FASA インタラクティブ・テクノロジー株式会社』 / FASA Interactive Technologies Inc．）
Q307104,Tri-Crescendo,トライクレッシェンド
Q307403,Minori,minori
Q308913,Ensemble Studios,アンサンブルスタジオ
Q765389,Lionhead Studios,ライオンヘッドスタジオ
Q309996,Namco,ナムコ
Q334904,SIE Japan Studio,SCEジャパンスタジオ
Q337910,Guerrilla Games,ゲリラゲームズ
Q339565,Sega Wow,セガワウ
Q766278,Digital Chocolate,デジタルチョコレート
Q775680,Monster Games,Monster Games
Q778453,Chunsoft,チュンソフト
Q1053684,Polyphony Digital,ポリフォニー・デジタル
Q1054754,Type-Moon,TYPE-MOON
Q1054844,Taito Corporation,タイトー
Q1548159,Criterion Games,クライテリオン・ゲームズ
Q1563379,Paon DP,パオン・ディーピー
Q1570468,Mindscape,マインドスケープ
Q2482597,Indieszero,インディーズゼロ
Q2495040,CAVE,ケイブ
Q2495576,Eighting,エイティング
Q2501821,Spark Unlimited,Spark Unlimited
Q2531521,Kojima Productions,小島プロダクション
Q1060165,Riot Games,ライオット・ゲームズ
Q2536056,Tengen,テンゲン
Q2540486,Amanita Design,アマニタ・デザイン
Q2541040,Spike,スパイク
Q2545055,Molleindustria,Molleindustria
Q2546713,Marvelous,マーベラスAQL
Q2553434,Renegade Kid,Renegade Kid
Q372471,Wargaming.net,ウォーゲーミング
Q375667,Incognito Entertainment,インコグニート
Q382543,Treyarch,Treyarch
Q383538,Compile,コンパイル
Q403714,Majesco Entertainment,マジェスコ・エンターテインメント
Q481968,Acquire,アクワイア
Q483036,NCsoft,まじかる☆スマッシュ
Q483233,Ntreev Soft,Ntreev Soft
Q483314,Hangame,ハンゲーム
Q484143,Gravity Corporation,グラビティ
Q1576758,Platinum Games,プラチナゲームズ
Q1576915,Koei Tecmo Holdings,コーエーテクモホールディングス
Q1584831,Mistwalker,ミストウォーカー
Q1637338,Nihon Bussan,日本物産
Q2561594,Skip Ltd.,スキップ
Q2568920,Traveller's Tales,トラベラーズテイルズ
Q2597910,Kairosoft,カイロソフト
Q2602093,Sumo Digital,スモウ・デジタル
Q1064703,PopCap Games,PopCap Games
Q1068734,HAL Laboratory,HAL研究所
Q1087007,Papyrus Design Group,Papyrus Design Group
Q1091035,Success,サクセス
Q1092500,Nitroplus,ニトロプラス
Q17228555,Collavier Corporation,コラビエ
Q18151782,Night Dive Studios,ナイトダイブ・スタジオ
Q18208513,Yodo1,遊道易
Q2612323,Kaneko,カネコ
Q2613004,Jupiter,ジュピター
Q2617855,Arc System Works,アークシステムワークス
Q2633052,Nintendo Research & Development 1,任天堂開発第一部
Q2634015,ADK,エーディーケイ
Q2636715,Cavia,キャビア
Q1101463,Climax Entertainment,クライマックス
Q1102774,Clover Studio,クローバースタジオ
Q1129295,Mojang,Mojang
Q1129765,Warashi,童
Q1131475,Looking Glass Studios,ルッキンググラススタジオ
Q2655759,Amusement Vision,アミューズメントヴィジョン
Q2659812,Pack-In-Video,パック・イン・ビデオ
Q2661245,Avalanche Studios,アバランチスタジオ
Q2668532,Nintendo Research & Development 2,任天堂開発第二部
Q18611508,CROOZ,クルーズ
Q19695395,Masaya,メサイヤ (ゲームブランド)
Q20045086,Scarab Studio,スカラベスタジオ
Q20045200,Sega Interactive,セガ・インタラクティブ
Q20112954,Sega Games,セガゲームス
Q20505844,Smilebit,スマイルビット
Q20646966,rúf,Ruf
Q20972825,Nintendo Entertainment Planning & Development,任天堂企画制作本部
Q2670031,Climax Group,クライマックス
Q2680856,King,キング・デジタル・エンターテインメント
Q2696696,NetherRealm Studios,ネザーレルム・スタジオズ
Q2706709,h.a.n.d.,ハ・ン・ド
Q2708014,Bluepoint Games,ブルーポイントゲーム
Q2712143,inXile entertainment,inXile Entertainment
Q2719211,Next Level Games,Next Level Games
Q2735962,Media.Vision,メディア・ビジョン
Q2737059,NanaOn-Sha,七音社
Q2740414,Team Ninja,Team NINJA
Q2745586,Genius Sonority,ジニアス・ソノリティ
Q2818984,ABA Games,ABA Games
Q2822685,Access Games,アクセスゲームズ
Q2845962,Ancient,エインシャント
Q21190892,Nintendo Platform Technology Development,任天堂技術開発本部
Q2864819,ArtePiazza,アルテピアッツァ
Q2864821,Artdink,アートディンク
Q2865851,Artoon,アートゥーン
Q2866735,Asobo Studio,アソボ・スタジオ
Q2917037,Vanpool,バンプール
Q2944021,Cellius,セリウス
Q2975455,Clap Hanz,クラップハンズ
Q2983159,Sting Entertainment,スティング
Q2985270,Idea Factory,アイディアファクトリー
Q2985314,Tectoy,Tectoy
Q2985996,Matrix Software,マトリックス
Q3008112,CyberStep,サイバーステップ
Q3008126,CyberConnect2,サイバーコネクトツー
Q3026554,Stainless Steel Studios,ステンレススチールスタジオ
Q3030624,Technology and Entertainment Software,T&E SOFT
Q3039230,DreamFactory,ドリームファクトリー (企業)
Q3049567,Good-Feel,グッド・フィール
Q3049588,Suzak Inc.,朱雀
Q3051166,Elixir Studios,エリクサー・スタジオ
Q3052263,Omega Force,オメガフォース
Q3066248,Family Soft,ファミリーソフト
Q3073236,Flagship,フラグシップ
Q3082031,Sega AM3,ヒットメーカー
Q3087792,Game Republic,ゲームリパブリック
Q3094256,Gaelco,ガエルコ
Q3110271,Vanillaware,ヴァニラウェア
Q3125951,Halfbrick Studios,ハーフブリック・スタジオ
Q3148885,Imageepoch,イメージエポック
Q3177903,Telenet Japan,日本テレネット
Q3208757,UEP Systems,ウエップシステム
Q3274623,AQ Interactive,AQインタラクティブ
Q3276945,TAD Corporation,TADコーポレーション
Q3337438,Nd Cube,エヌディーキューブ
Q3412383,Q Entertainment,キューエンタテインメント
Q3504740,Supermassive Games,スーパーマッシブゲームズ
Q3521625,The Logic Factory,ロジックファクトリー
Q3530472,Tokkun Studio,Tokkun Studio
Q3550703,United Front Games,ユナイテッド・フロント・ゲームズ
Q3561117,ZeniMax Online Studios,ゼニマックス・オンライン・スタジオ
Q3566785,WayForward Technologies,ウェイフォルワード・テクノロジズ
Q3576010,Zoo Corporation,ズー
Q3613462,Alvion,アルヴィオン
Q3641158,Blue Fang Games,ブルーファング・ゲームス
Q3685133,Compile Heart,コンパイルハート
Q3729020,Magical Company,魔法
Q3739267,Towa Chiki,トーワチキ
Q3759468,General Computer Corp.,ゼネラル・コンピュータ
Q3761761,Syn Sophia,シンソフィア
Q3772556,Natsume,ナツメ
Q3775891,feelplus,フィールプラス
Q3781101,Imagineer,イマジニア
Q3854011,Stellar Stone,Stellar Stone
Q3877247,Nintendo Network Service Development,任天堂システム開発本部
Q3982798,Telecomsoft,ファイアバード
Q4039000,Freeverse,フリーヴァース
Q4042609,Larian Studios,ラリアンスタジオ
Q4047460,Prope,プロペ
Q4048789,"SIMS Co., Ltd.",シムス
Q4051736,Triangle Service,トライアングル・サービス
Q4700283,Akaoni Studio,アカオニ・スタジオ
Q4796618,Arsys Software,サイバーヘッド (ゲーム会社)
Q4802754,Arzest,アーゼスト
Q4813366,Athena,アテナ
Q4827813,Avatar Reality,Avatar Reality
Q4891719,Bergsala Lightweight,バーグサラ・ライトウェイト
Q4892118,Berkeley Systems,Berkeley Systems社
Q4947547,Bossa Studios,ボッサ・スタジオ
Q5165725,Contrail,コントレイル (ゲーム会社)
Q5180559,Crafts & Meister,クラフト&マイスター
Q5183310,Crea-Tech,クレアテック
Q8093,Nintendo,任天堂
Q5245591,Deadline Games,デッドライン・ゲームズ
Q5357113,Panther Software,パンサーソフトウェア
Q5357296,Yuzu-Soft,ゆずソフト
Q5359622,Quin Rose,QuinRose
Q5364684,Nitro+chiral,Nitro+CHiRAL
Q14428,Capcom,カプコン
Q18594,Sony Interactive Entertainment,ソニー・インタラクティブエンタテインメント
Q23901,Codemasters,コードマスターズ
Q24188,Sega Sports R&D,スマイルビット
Q24228,343 Industries,343 Industries
Q26188,Kalypso Media,カリプソ・メディア
Q26222,Wargaming Seattle,Gas Powered Games
Q5453814,First Star Software,ファーストスターソフトウェア
Q5501698,French Bread,フランスパン (同人サークル)
Q5509410,Funtactix,ファンタクティクス
Q5531890,General Entertainment,ゼネラル・エンタテイメント
Q5565886,Givro,ギブロ
Q5696520,Hect,ヘクト (ゲーム会社)
Q28299,Pandemic Studios,パンデミック・スタジオ
Q45700,Konami,コナミホールディングス
Q33789498,Shinsei,シンセイ
Q33793336,,ちゅらっぷす
Q5748611,HexaDrive,ヘキサドライブ
Q5909783,Hot B,ホット・ビィ
Q5942495,HuneX,ヒューネックス
Q5972831,INiS,イニス
Q6125388,Punchline,パンチライン
Q6279033,Jorudan,ジョルダン
Q6325565,KAZe,カゼ・ネット
Q6445840,Kure Software Koubou,呉ソフトウェア工房
Q6451704,Kylotonn,Kylotonn
Q6500121,Watanabe Seisakusho,渡辺製作所
Q6713732,M2,M2 (ゲーム会社)
Q6782763,Nippon Computer Systems,日本コンピュータシステム
Q6805537,Media Rings,メディアリング
Q6886758,Mobile21,モバイル21
Q7047669,Noise,ノイズ
Q7065431,Now Production,ナウプロダクション
Q7156467,Pax Softnica,パックスソフトニカ
Q7180503,Phantagram,ファンタグラム
Q7202313,Platine Dispositif,PlatineDispositif
Q7226426,Polygon Magic,ポリゴンマジック
Q7301372,Realtime Associates,リアルタイム・アソシエーションズ
Q7335430,Riot,ライオット (ゲームブランド)
Q7416412,Sandlot,サンドロット
Q7446140,SegaSoft,セガソフト
Q7480253,Tango Gameworks,Tango Gameworks
Q7500035,Shoeisha,翔泳社
Q7514985,Silicon Studio,シリコンスタジオ
Q7577190,Spike Chunsoft,スパイク・チュンソフト
Q7641092,Sunrise Interactive,サンライズインタラクティブ
Q7663606,SystemSoft Alpha,システムソフト・アルファー
Q7678649,Takuyo,拓洋興業
Q7681873,Tamsoft,タムソフト
Q7683810,Tantalus Media,タンタラス・メディア
Q7784257,Thin Chen Enterprise,小紅帽
Q7883635,Underground Development,アンダーグラウンド・ディベロップメント
Q7937557,Vivarium Inc.,ビバリウム
Q8024279,Windmill,ういんどみる
Q8025512,Winkysoft,ウィンキーソフト
Q8046428,Yacht Club Games,ヨットクラブゲームズ
Q8074145,Zoom,ズーム
Q9290601,Inti Creates,インティ・クリエイツ
Q10369375,Sega Rosso,セガ・ロッソ
Q11190752,B.B. Studio,B.B.スタジオ
Q11231990,MOSS,MOSS
Q11243482,SITER SKAIN,SITER SKAIN
Q11289760,Examu,エクサム
Q11297509,Qute,キュート
Q11307497,Shift,シフト
Q11320972,DB-SOFT,デービーソフト
Q11325179,Nude Maker,ヌードメーカー
Q11325442,NetDragon Websoft,ネットドラゴンウェブソフト
Q11328509,Birthday,バースデイ (企業)
Q11331181,Bullet-Proof Software,ビーピーエス
Q11332510,Fill-in-Cafe,フィルインカフェ
Q11549491,Mizukagami,水鏡 (同人サークル)
Q11609342,Yoshitsubomi,美蕾
Q13512339,Facepunch Studios,フェイスパンチ・スタジオ
Q15070304,Comcept,comcept
Q15651013,Dingo Inc.,ディンゴ
Q16155855,17-BIT,17-BIT
Q16829899,Colossal Order,コロッサル・オーダー (企業)
Q71930,Cryo Interactive,
Q128523,Silverball Studios,
Q130729,Turn 10 Studios,
Q130763,Tripwire Interactive,
Q137086,Mindware Studios,
Q166953,RedLynx,
Q169198,10tacle Studios,
Q204961,Pterodon,
Q212092,Black Forest Games,
Q222045,2K Czech,
Q224593,Snail,
Q229459,3D Realms,
Q238132,4J Studios,
Q240924,Digital Reality,
Q245456,5th Cell,
Q245723,Zylom,
Q250426,EA Mobile,
Q258729,Artificial Studios,
Q263787,Sunflowers Interactive Entertainment Software,
Q266418,SCE London Studio,
Q270119,7th Level,
Q282658,Acclaim Studios Austin,
Q286780,thatgamecompany,
Q304980,Nebula Device,
Q339266,Accolade,
Q340209,Shiny Entertainment,
Q357663,Legend Entertainment,
Q379959,Adventure Soft,
Q388228,Creative Assembly Sofia,
Q389261,Backbone Entertainment,
Q389526,Bloober Team,
Q391183,Incentive Software,
Q417230,Akella,
Q429316,Stardock,
Q453802,Imagic,
Q459403,Ambrosia Software,
Q467598,Cryptic Studios,
Q488510,WeMade Entertainment,
Q489262,Wizet,
Q495054,ArenaNet,
Q496710,Webzen Games,
Q498812,Running with Scissors,
Q500799,Ubisoft Toronto,
Q511988,DR Studios,
Q514059,Nadeo,
Q521489,Amaze Entertainment,
Q540817,Hydravision Entertainment,
Q547808,Budcat Creations,
Q549221,Spellbound Entertainment,
Q561385,Travian Games,
Q565073,Rainbow Arts,
Q571862,Page 44 Studios,
Q577108,Fox Interactive,
Q582666,Nitrome,
Q597020,Danger Close Games,
Q598181,Team Silent,
Q604213,Nowcom,
Q610952,n-Space,
Q613801,Kuju Ltd.,
Q617925,Saffire,
Q637851,Playdom,
Q649297,StormRegion,
Q651089,Ascaron,
Q655493,Petroglyph Games,
Q657175,Ninai Games,
Q660990,Avalanche Software,
Q671855,Bug-Byte,
Q672642,Arkane Studios,
Q672664,Black Rock Studio,
Q673888,InnoGames,
Q677273,Piranha Bytes,
Q684218,Cavedog Entertainment,
Q694590,Bigpoint GmbH,
Q695299,Ubisoft Blue Byte,
Q726675,FarSight Studios,
Q726988,Kalisto Entertainment,
Q734715,Pseudo Interactive,
Q738135,Aspyr,
Q742887,Cinematronics,
Q743712,Black Isle Studios,
Q744761,Spiderweb Software,
Q746059,IO Interactive,
Q752317,EA Canada,
Q753684,"Atari, SA",
Q756147,Wanako Studios,
Q756510,Invictus Games,
Q758030,Attic Entertainment Software,
Q758872,Audiogenic,
Q769354,Red Storm Entertainment,
Q775346,Beenox,
Q779114,Zen Studios,
Q784330,Flagship Studios,
Q787163,Haemimont Games,
Q794750,Bigbig Studios,
Q800120,Humongous,
Q804201,Black Hole Entertainment,
Q821191,Eat Sleep Play,
Q821910,Team Soho,
Q827153,Surreal Software,
Q830947,Remedy Entertainment,
Q834035,Deck13 Interactive,
Q835847,Digital Anvil,
Q846884,Ubisoft Shanghai,
Q861343,Tale of Tales,
Q863618,Feral Interactive,
Q866301,Capcom Vancouver,
Q870122,Crytek UK,
Q870894,Egosoft,
Q875485,Max Design,
Q878724,Bit Corporation,
Q885920,Blue Tongue Entertainment,
Q903621,Ubisoft Montreal,
Q907331,Distinctive Software,
Q921944,Focus Home Interactive,
Q923047,989 Studios,
Q930222,Sir-Tech,
Q932631,Team Ico,
Q935573,Altar Games,
Q937967,Planet Moon Studios,
Q941340,Muse Software,
Q945060,Ubisoft Reflections,
Q947583,Gray Matter Interactive,
Q952164,Hello Games,
Q956546,Blue Sky Rangers,
Q958101,Jagex,
Q964885,Boss Game Studios,
Q970264,Neversoft,
Q974657,Wooga,
Q976444,Frog City Software,
Q978096,BigPark,
Q980729,Firefly Studios,
Q1001380,BudgeCo,
Q1022372,Kronos Digital Entertainment,
Q1023055,CCP Games,
Q1041320,Ubisoft Paris,
Q1045344,The Learning Company,
Q1046593,Gearbox Software,
Q1051538,Cauldron,
Q1058704,Nerve Software,
Q1061580,Atari Games,
Q1062171,The 3DO Company,
Q1062986,Raven Software,
Q1092474,Cinemaware,
Q1098120,High Moon Studios,
Q1102069,ClockStone Software,
Q1130046,LightBox Interactive,
Q1134915,Milestone S.r.l.,
Q1136222,Kush Games,
Q1136248,Gotham Games,
Q1136254,BlueSky Software,
Q1146905,Cyan Worlds,
Q1157042,Daedalic Entertainment,
Q1172164,CD Projekt RED,
Q1187273,Pyro Studios,
Q1193145,Slightly Mad Studios,
Q1200947,Destination Games,
Q1202130,Robot Entertainment,
Q1234918,Philos Laboratories,
Q1235040,Domark Software,
Q1254065,SCE Foster City Studio,
Q1254072,SCE San Diego Studio,
Q1269052,Dynamix,
Q1283542,Eden Games,
Q1304727,VIS Entertainment,
Q1317020,Tarsier Studios,
Q1328536,Sega Studios San Francisco,
Q1330823,Elite Systems,
Q1358751,Runic Games,
Q1360172,N3V Games,
Q1383563,Telltale Games,
Q1384984,Team17,
Q1386435,F4,
Q1408498,Ocean Software,
Q1417011,Wideload Games,
Q1418015,Spectrum HoloByte,
Q1420772,Fishlabs,
Q1425861,GSC Game World,
Q1441169,Frictional Games,
Q1457468,THQ Nordic,
Q1466613,Ubisoft Massive,
Q1466835,Metropolis Software,
Q1470335,SCS Software,
Q1493857,GarageGames,
Q1517179,System 3,
Q1517490,Iron Lore Entertainment,
Q1517669,No Cliché,
Q1518612,Relic Entertainment,
Q1537551,Goodgame Studios,
Q1542578,Rockstar New England,
Q1546111,Troika Games,
Q1573316,SakeVisual,
Q1573432,HeroCraft,
Q1576335,Visceral Games,
Q1576643,Sulake Corporation,
Q1617310,"Péndulo Studios, S.L.",
Q1639517,TimeGate Studios,
Q1640973,Hyperion Entertainment,
Q1671616,Introversion Software,
Q1686729,Jellyvision,
Q1692707,Square Enix Europe,
Q1725456,The Chinese Room,
Q1742126,KingsIsle Entertainment,
Q1747400,Paradox France,
Q1758803,Oddworld Inhabitants,
Q1783815,Ninja Theory,
Q1786683,Playfish,
Q1799063,People Can Fly,
Q1806887,Ritual Entertainment,
Q1809234,Hothouse Creations,
Q1827127,Linux Game Publishing,
Q1884327,Magnetic Fields,
Q1889419,New World Computing,
Q1889791,Splash Damage,
Q1906072,Marvin Glass and Associates,
Q1907767,Massive Development,
Q1911412,Pivotal Games,
Q1925056,Metanet Software,
Q1944894,Monkeystone Games,
Q1956256,Hidden Path Entertainment,
Q1979024,Totally Games,
Q1984338,Gaijin Entertainment,
Q1986442,Rage Software,
Q1988059,Bizarre Creations,
Q1989672,Rockstar Toronto,
Q2002760,NovaLogic,
Q2012641,Evryware,
Q2023846,Enlight Software,
Q2030718,Rebellion Developments,
Q2060066,Revolution Software,
Q2061879,SimBin Studios,
Q2065466,Terminal Reality,
Q2073049,2K China,
Q2076545,Day 1 Studios,
Q2077224,4A Games,
Q2080076,Behaviour Interactive,
Q2080159,ACE Team,
Q2081220,The Sims Studio,
Q2083043,Rockstar London,
Q2083518,Ubisoft Montpellier,
Q2086858,Trilobyte,
Q2090810,Lankhor,
Q2106613,Triangle Studios,
Q2109517,NeocoreGames,
Q2136378,RedSpotGames,
Q2146772,Joymax,
Q2164685,The Bitmap Brothers,
Q2176341,RuneSoft,
Q2248318,Ice-Pick Lodge,
Q2275894,TalonSoft,
Q2290725,Sensible Software,
Q2291482,Rockstar Vienna,
Q2299192,Impressions Games,
Q2310169,Spieleentwicklungskombinat,
Q2310496,Palace Software,
Q2324214,HB Studios,
Q2326128,Yullaby,
Q2335341,Swingin' Ape Studios,
Q2340010,Croteam,
Q2352604,TaleWorlds,
Q2353010,Cyanide,
Q2369574,NinjaBee,
Q2383221,Best Way,
Q2389983,Human Head Studios,
Q2411797,Eurocom,
Q2419591,Frozenbyte,
Q2420494,Mythos Games,
Q2421339,Magic Pockets,
Q2448087,The Adventure Company,
Q2456686,Krome Studios Melbourne,
Q2464302,Blizzard North,
Q2469781,Saber Interactive,
Q2482897,Zono Incorporated,
Q2484436,KatGames,
Q2505093,World Forge,
Q2507506,Eugen Systems,
Q2509669,Ossian Studios,
Q2510684,Zynga Dallas,
Q2538835,Rampid Interactive,
Q2541023,Frogwares,
Q2549114,City Interactive,
Q2552866,Pi Studios,
Q2560823,EA Montreal,
Q2567775,Sports Interactive,
Q2572761,Housemarque,
Q2577247,Imagineering,
Q2579521,Vatra Games,
Q2605613,Ultimate Play the Game,
Q2607531,Harmonix Music Systems,
Q2617918,High Voltage Software,
Q2648346,Two Tribes B.V.,
Q2660091,Griptonite Games,
Q2660350,Havok,
Q2663520,Vigil Games,
Q2665841,Double Helix Games,
Q2666236,Boffo Games,
Q2667370,EA Tiburon,
Q2696462,Johnny Two Shoes,
Q2699057,MercurySteam,
Q2714179,Empire Interactive,
Q2719757,Paradigm Entertainment,
Q2737798,Edge of Reality,
Q2748676,Victor Interactive Software,
Q2813753,1st Playable Productions,
Q2822760,Acclaim Cheltenham,
Q2842942,American Game Cartridges,
Q2859960,Arcen Games,
Q2861565,Arkedo Studio,
Q2866089,Arxel Tribe,
Q2902116,Big Ape Productions,
Q2924219,BreakAway Games,
Q2929065,Buzz Monkey Software,
Q2937730,Capybara Games,
Q2981849,Zombie Studios,
Q2981951,Coktel Vision,
Q2984670,Mythic Entertainment,
Q3002104,Cranberry Production,
Q3002349,Crave Entertainment,
Q3008156,Cyberflix,
Q3008170,Cyberlore Studios,
Q3009079,Mass Media Inc.,
Q3016360,Darkworks,
Q3021916,Delta Tao Software,
Q3022081,Unknown Worlds Entertainment,
Q3023123,Denki,
Q3023462,Northwest Synergistic Software,
Q3026228,Propaganda Games,
Q3032258,Divide By Zero,
Q3036861,Dontnod Entertainment,
Q3037459,Double Eleven,
Q3039227,DreamForge Intertainment,
Q3040525,The Behemoth,
Q3052248,Tilted Mill Entertainment,
Q3054268,Engine Software,
Q3066925,Ubisoft Barcelona,
Q3087263,FreeStyleGames,
Q3087859,Frima Studio,
Q3090767,Full Fat,
Q3108816,Left Field Productions,
Q3137484,Snowblind Studios,
Q3137798,Playdead,
Q3147611,Iceberg Interactive,
Q3147892,Deck Nine Games,
Q3148930,Imagine Software,
Q3149912,Incinerator Studios,
Q3154543,Ironclad Games,
Q3178586,Coffee Stain Studios,
Q3181534,Klei Entertainment,
Q3189994,Junction Point Studios,
Q3190271,Just Add Water,
Q3195411,Kerberos Productions,
Q3196163,Kheops Studio,
Q3242292,Liquid Entertainment,
Q3259558,Loriciels,
Q3281900,Malfador Machinations,
Q3300783,Bethesda Game Studios,
Q3303197,Altron,
Q3320502,S2 Games,
Q3322748,Opera Soft,
Q3337383,Nazca Corporation,
Q3337882,Neko Entertainment,
Q3339538,Nibris,
Q3342525,Nobilis,
Q3345370,Novarama,
Q3346039,Nucleosys,
Q3359559,PAM Development,
Q3375309,Perfect Entertainment,
Q3402678,Presto Studios,
Q3407134,Project Sora,
Q3412336,Quantum Quality Productions,
Q3414457,Quicksilver Software,
Q3421656,Realtime Worlds,
Q3422645,RedWolf Design,
Q3436367,Innerloop Studios,
Q3456271,BigWorld,
Q3482130,Shin'en Multimedia,
Q3483147,Sidhe,
Q3483583,Signal Studios,
Q3484959,SingleTrac,
Q3500956,Studio 33,
Q3503991,Sunstorm Interactive,
Q3504068,SuperBot Entertainment,
Q3506713,Swordfish Studios,
Q3512162,Rainbow Studios,
Q3515535,Tapulous,
Q3518266,Krisalis Software,
Q3539040,Paradox Development Studio,
Q3547645,Ubisoft Annecy,
Q3564274,Centauri Production,
Q3567003,Webfoot Technologies,
Q3569449,Wisdom Tree,
Q3569530,Wizarbox,
Q3569706,Wolfire Games,
Q3592548,Étranges Libellules,
Q3601595,Ideaworks Game Studio,
Q3604168,Acclaim Studios Teesside,
Q3604604,Acornsoft,
Q3606516,Agetec,
Q3640745,Black Ops Entertainment,
Q3643494,AGD Interactive,
Q3658005,Capstone Software,
Q3705312,Demiurge Studios,
Q3739871,Image Space Incorporated,
Q3745969,Firemint,
Q3775043,GameHouse,
Q3815456,Backflip Studios,
Q3817132,Krome Studios,
Q3875762,ngmoco,
Q3877250,Nintendo Software Design & Development,
Q3918074,W!Games,
Q3960699,Silver Style Entertainment,
Q3962810,Slitherine Strategies,
Q3997974,Trauma Studios,
Q4019629,Whoopee Camp,
Q4033359,Action Forms,
Q4033632,Airtight Games,
Q4033676,Alawar Entertainment,
Q4033703,Aliasworlds Entertainment,
Q4034625,Autumn Moon Entertainment,
Q4034645,Awem,
Q4034912,BattleGoat Studios,
Q4035139,Bits Studios,
Q4035237,Bluehole,
Q4035517,Burut CT,
Q4036368,Codo Technologies,
Q4036654,Creat Studios,
Q4037154,Dejobaan Games,
Q4037769,EA Bright Light,
Q4037990,Elemental Games,
Q4038563,Fun Labs,
Q4041384,Infinite Interactive,
Q4041742,JV Games,
Q4043608,Magic Wand Productions,
Q4044195,Micro Forté,
Q4044298,MindArk,
Q4047081,Playrix Entertainment,
Q4047152,"Point of View, Inc.",
Q4048134,Reflexive Entertainment,
Q4049035,Sand Grain Studios,
Q4050746,Targem Games,
Q4051069,The Farm 51,
Q4051095,The Game Creators,
Q4051487,Tigon Studios,
Q4051528,Titan Studios,
Q4052309,Ubisoft Casablanca,
Q4052312,Ubisoft Singapore,
Q4052313,Ubisoft Tiwak,
Q4052639,Venom Games,
Q4053329,XPEC Entertainment,
Q4053573,ZeptoLab,
Q4053599,Zoetrope Interactive,
Q4117953,EA Salt Lake,
Q4120690,Hothead Games,
Q4120720,Kuma Reality Games,
Q4131576,TT Games,
Q4155560,Two Guys from Andromeda,
Q4248906,Ambrella,
Q4260602,Eutechnyx,
Q4315842,Nevosoft,
Q4351336,Pipeworks Software,
Q4355671,Parallax Software,
Q4566909,Amuze,
Q4631169,21st Street Games,
Q4631829,24 Caret Games,
Q4633108,2GEN Studio,
Q4635982,38 Studios,
Q4636348,3G Studios,
Q4638890,4D Rulers,
Q4639141,4mm Games,
Q4644252,8-4,
Q4673224,Aces Studio,
Q4673616,Acheron Design,
Q4693572,Agora Games,
Q4696605,Aicom,
Q4726537,Alientrap,
Q4734957,AlphaSim,
Q4736447,Alternative Games,
Q4746762,Project Siren,
Q4752680,Anchor Inc.,
Q4765083,Animation F/X,
Q4765236,Anino Games,
Q4779421,Apex Computer Productions,
Q4785091,Arcade Zone,
Q4786865,Archimage,
Q4796743,"Art Co., Ltd",
Q4797388,Artech Digital Entertainment,
Q4801348,Artix Entertainment,
Q4802306,Arush Entertainment,
Q4806100,11 bit studios,
Q4806327,AsiaSoft,
Q4807758,Aspect Co.,
Q4812065,Asymmetric Publications,
Q4817166,Atod,
Q4817250,Atomic Antelope,
Q4817281,Atomic Games,
Q4817298,Atomic Motion,
Q4817300,Atomic Planet Entertainment,
Q4819912,Audiokinetic,
Q4826137,New Star Games,
Q4828168,Aventurine SA,
Q4831131,Ayeah Games,
Q4834382,B2B Games,
Q4837535,Babaroga,
Q4844241,Playlogic Entertainment,
Q4861844,Barnhouse Effect,
Q4867458,Basilisk Games,
Q4873091,BattleCry Studios,
Q4873135,Battlefront.com,
Q4873488,Bauhaus Entertainment,
Q4877287,Beatshapers,
Q4879926,Beep Industries,
Q4893510,Torus Games,
Q4894091,Racjin,
Q4897605,Softcannon,
Q4899973,Beyond Games,
Q4904930,Big Ant Studios,
Q4905144,Big Blue Bubble,
Q4906174,Big Red Software,
Q4906222,Big Robot,
Q4913868,Binary Hammer,
Q4922077,The Coalition,
Q4922154,Black Widow Games,
Q4926019,Blendo Games,
Q4926947,Blitz Arcade,
Q4926954,Blitz Games,
Q4926952,Blitz Games Studios,
Q4929380,Blue Lizard Games,
Q4929596,Blue Omega,
Q4929941,Blue Tea Games,
Q4930550,Blueside,
Q4940102,Bolt Creative,
Q4943557,Boomzap Entertainment,
Q4949049,Bottle Rocket,
Q4949090,Bottlerocket Entertainment,
Q4967488,Bright Star Technology,
Q4974880,Brooklyn Multimedia,
Q5009907,CDC Games,
Q5010013,CDS Software,
Q5013911,CRL Group,
Q5015653,Cable Software,
Q5020461,California Dreams,
Q5031102,Canalside Studios,
Q5038014,Carbonated Games,
Q5038922,Career Soft,
Q5042600,TT Fusion,
Q5046774,Carry Lab,
Q5049616,Castaway Entertainment,
Q5050312,Castle Thorn Software,
Q5050990,CatLab Interactive,
Q5057892,Celestial Digital Entertainment,
Q5065045,Certain Affinity,
Q5068045,Chair Entertainment,
Q5072155,Changyou,
Q5099356,Chimera Entertainment,
Q5119226,Ciberbit,
Q5121432,Circle Studio,
Q5132327,Clever Trick,
Q5133643,Climax Studios,
Q5140125,Coded Illusions,
Q5140142,Codeminion,
Q5141434,Cohort Studios,
Q5160278,Confounding Factor,
Q5161811,Melesta Games,
Q5167141,Cooking Mama Limited,
Q5170290,Coreplay,
Q5179292,Covert Operations Ltd,
Q5180324,Crack dot Com,
Q5182605,Crate Entertainment,
Q5191169,Crystal Computing,
Q5198876,Cyclone Studios,
Q5200430,Cypron,
Q5202466,Céidot Game Studios,
Q5223216,Dark Energy Digital,
Q5227155,Data Design Interactive,
Q5227501,Dataware Games,
Q5243118,Daydream Software,
Q5256334,Demonware,
Q5265081,Destan Entertainment,
Q5265583,Detalion,
Q5275700,Digi-Guys,
Q5275800,Digital Capital Corporation,
Q5275848,Digital Eel,
Q5275905,Digital Leisure,
Q5275953,Digital Praise,
Q5281433,Dischan Media,
Q5282731,Disruptor Beam,
Q5285357,Djinnworks,
Q5299627,DoubleBear Productions,
Q5300149,Doublesix,
Q5304665,Draconus Entertainment,
Q5305086,"DragonLord Enterprises, Inc.",
Q5306251,DreamRift,
Q5307712,Drinkbox Studios,
Q5319115,Dynamo Games,
Q5323072,EGames,
Q5329176,East Point Software,
Q5337654,Edge Games,
Q5348820,Eidos Montreal,
Q5354198,EleFun Games,
Q5367665,Elsinore Multimedia,
Q5374707,Empty Clip Studios,
Q5382500,Epicenter Studios,
Q5412689,European Integration Studio,
Q5420255,Exient Entertainment,
Q5420341,Exis Interactive,
Q5437526,Fathammer,
Q5437954,Fatshark,
Q5441909,Feline Fuelled Games,
Q5449303,FinBlade,
Q5451391,Fire Maple Games,
Q5451759,Firebrand Games,
Q5454636,Fish in a Bottle,
Q5473011,Fortyfive,
Q5475149,Four Door Lemon,
Q5499833,Free Fall Associates,
Q5502917,FreshGames,
Q5505524,From The Bench Digital Entertainment,
Q5505786,Front Fareast Industrial,
Q5506283,Frozen Codebase,
Q5514680,GTE Interactive Media,
Q5515610,Gabriel Entertainment,
Q5519818,Game Boolean,
Q5519849,Game Doctors,
Q5520001,Gamelabs,
Q5520034,Gamenauts,
Q5520055,Gamerizon,
Q5520107,Games by Apollo,
Q5520108,Games developed by Sonic Team (AM8) and affiliates,
Q5520130,Gameshastra,
Q5520409,Gamtec,
Q5521793,Gaps,
Q5533267,Genius Factor Games,
Q5533812,Genuine Games,
Q5557341,Ghostfire Games,
Q5573015,GlyphX,
Q5574456,Gnosis Games,
Q5575439,Shanda,
Q5577387,Gogii Games,
Q5582926,Good Science Studio,
Q5608149,Grey Dog Software,
Q5609440,Grinding Gear Games,
Q5611874,Grubby Hands Limited,
Q5615731,Guild Software,
Q5615744,Guild of Blades,
Q5646973,HanbitSoft,
Q5647891,Hangar 13,
Q5652776,Happy Happening,
Q5653765,APF Electronics Inc,
Q5658652,Harlequin Games,
Q5694471,Heatwave Interactive,
Q5706052,Heliotrope Studios,
Q5706964,Hellbent Games,
Q5748250,Heuristic Park,
Q5750244,Hi-Rez Studios,
Q5769598,Hired Gun,
Q5792546,NGD Studios,
Q5909605,HotGen,
Q5950872,Hutsell Computer War Games,
Q5959087,Hypnotix,
Q5969518,ICE Software,
Q5972861,IOMO,
Q5974149,ISOTX,
Q5994396,IguanaBee,
Q6000619,Illwinter Game Design,
Q6002406,ImaginEngine,
Q6027756,Industrial Toys,
Q6028784,Infamous Adventures,
Q6030727,Information Global Service,
Q6037149,Inscape,
Q6038702,InstantAction,
Q6061250,Invisible Wonder Games,
Q6072534,Iron Galaxy Studios,
Q6086454,Isotope 244,
Q6107672,JAM Productions,
Q6121433,Jadestone Group,
Q6165140,Javaground,
Q6188808,Jet Black Games,
Q6388765,KenamicK Entertainment,
Q6410724,Kinesoft,
Q6418945,Kixeye,
Q6423274,Knowledge Adventure,
Q6433719,Kot-in-Action Creative Artel,
Q6444446,Kung Fu Factory,
Q6450054,Kwalee,
Q6458919,LK Avalon,
Q6480773,Lamagama Entertainment,
Q6489034,Large Animal Games,
Q6498128,Laughing Jackal,
Q6506093,Lazy 8 Studios,
Q6510065,Learnalot,
Q6517252,Legacy Interactive,
Q6518563,Lego Interactive,
Q6522253,Lenar,
Q6546343,Lighthouse Interactive,
Q6546442,Lightning Fish,
Q6665966,Locomotive Games,
Q6674337,Longtail Studios,
Q6697870,Lucky Chicken Games,
Q6698942,Ludometrics,
Q6702996,Luma Arcade,
Q6712054,M-Inverse,
Q6716447,MKO Games,
Q6720517,M Network,
Q6723623,MachineGames,
Q6727177,Madfinger Games,
Q6730810,Magic Pixel Games,
Q6750574,Manley & Associates,
Q6751258,Manomio,
Q6778266,Marvelous Entertainment,
Q6796042,Maxum Games,
Q6808967,Megazebra,
Q6824407,"Metro3D, Inc.",
Q6824466,Metro 3D,
Q6839113,MicroIllusions,
Q6839759,"Micronet co., Ltd.",
Q6843265,Midway Austin,
Q6843314,Midway Studios – Los Angeles,
Q6843315,Midway Studios – Newcastle,
Q6863981,Mindstorm Studios,
Q6917741,Motion Blur,
Q6926465,Movaya,
Q6928353,Mr.Goodliving,
Q6944504,Muzzy Lane,
Q6948871,Mystery Studio,
Q6949287,Mytopia,
Q6953368,NDreams,
Q6955451,NTDEC,
Q6958814,Nagi-P Software,
Q6961465,Namco Networks,
Q6989801,Nekeme Prod,
Q6998211,NetDevil,
Q6998676,Netbabyworld,
Q7012543,New World Interactive,
Q7024361,Nicalis,
Q7050580,Nordcurrent,
Q7050635,Nordeus,
Q7061841,Nosotek,
Q7064465,Novasa,
Q7064530,"Novel, Inc.",
Q7067700,NuFX,
Q7079654,Offset Software,
Q7098994,CD Projekt,
Q7100061,Orbital Media,
Q7112051,Outerra,
Q7112063,Outfit7,
Q7112876,Outrage Games,
Q7113718,Overkill Software,
Q7115945,Oxygen Studios,
Q7117011,P.I.S.D.,
Q7118750,PDAmill,
Q7122599,Pacific Novelty,
Q7126369,Paladin Studios,
Q7131790,Panther Games,
Q7132534,Papaya Studio,
Q7134604,Paragon Software,
Q7134605,Paragon Studios,
Q7135092,Param,
Q7140488,Particle Systems,
Q7167009,Perception,
Q7168080,Perfect World,
Q7169533,Perpetual Entertainment,
Q7170779,Persuasive Games,
Q7193705,Pikpok,
Q7196883,Pionesoft,
Q7197726,Piranha Games,
Q7202938,PlayFlock,
Q7202946,PlayNation,
Q7203173,Playaround,
Q7203501,Playnormous,
Q7203541,Playstos Entertainment,
Q7225751,Pollux Gamelabs,
Q7227120,Polytron Corporation,
Q7227174,PomPom Games,
Q7231501,Portalarium,
Q7236699,Powerful Robot Games,
Q7250166,Proper Games,
Q7268181,Qplaze,
Q7276607,RFX Interactive,
Q7284120,Dovetail Games,
Q7295493,Ratbag Games,
Q7295822,Ratloop,
Q7296793,Ravn Studio,
Q7299660,Razorworks,
Q7301342,Realmforge Studios,
Q7304783,Red Redemption,
Q7305448,Redbana Corporation,
Q7305483,Redboss,
Q7306314,Redtribe,
Q7310966,Relentless Software,
Q7316872,Reto-Moto,
Q7319098,Rewolf Software,
Q7353288,Robomodo,
Q7355080,RocketOwl Inc.,
Q7365709,Ronimo Games,
Q7377918,Ruffian Games,
Q7379839,Runecraft,
Q7415719,Sanctuary Woods,
Q7416415,Sandlot Games,
Q7418926,Sanritsu Denki,
Q7419411,Santa Cruz Games,
Q7420737,Sanuk Games,
Q7424694,Saru Brunei,
Q7427715,Savage Entertainment,
Q7439465,Sculptured Software,
Q7444025,Secret Identity Studios,
Q7444033,Secret Lab,
Q7446160,Sega Racing Studio,
Q7450633,Senile Team,
Q7451115,Sensory Sweep Studios,
Q7454892,Serious Games Interactive,
Q7457322,Seven Lights,
Q7512143,Sigil Games Online,
Q7514976,Silicon Sisters,
Q7515763,SilverBirch Studios,
Q7517769,Simian Squared,
Q7517879,Simis,
Q7533407,Size Five Games,
Q7533666,Ska Studios,
Q7536445,Skotos,
Q7537037,"Skunk Studios, Inc.",
Q7537723,Skygoblin,
Q7538144,Skyworks Interactive,
Q7540260,Slick Entertainment,
Q7543950,Smart Bomb Interactive,
Q7546644,Smule,
Q7547237,SnapDragon Games,
Q7549915,Sobee,
Q7554119,Softkinetic,
Q7554405,Softworld,
Q7561791,"Sonic Boom, Inc.",
Q7562512,"Loot Interactive, LLC",
Q7565315,SouthEnd Interactive,
Q7575852,Spellborn International,
Q7582037,Square One Studios,
Q7601065,Star Vault,
Q7620131,Storm Impact,
Q7620780,Straandlooper,
Q7621384,Strange Flavour,
Q7622224,Stratogon Entertainment,
Q7622536,Strawdog Studios,
Q7622558,Stray Bullet Games,
Q7622597,Straylight Studios,
Q7622701,Streamline Studios,
Q7628183,Studio Gigante,
Q7630841,Subatomic Studios,
Q7634814,Sugar Games,
Q7642083,SuperVillain Studios,
Q7643396,Supergiant Games,
Q7643992,Supermono studios,
Q7644148,Supersoft,
Q7644163,Supersonic Software,
Q7644345,Superwarp,
Q7662668,Syntasoft,
Q7662724,Synthetic Dimensions,
Q7670288,THQ Digital Studios UK,
Q7672598,TX Digital Illusions,
Q7675088,Tag Games,
Q7682424,Tandem Games,
Q7683883,Tantrumedia,
Q7692650,Technopop,
Q7698390,Templar Studios,
Q7703218,Terraglyph Interactive Studios,
Q7714706,The Assembly Line,
Q7726737,"The Collective, Inc.",
Q7730973,The Dreamers Guild,
Q7734321,The Fizz Factor,
Q7735062,The Fourth Dimension,
Q7739534,The Hidden,
Q7754688,The Odd Gentlemen,
Q7765135,The Software Refinery,
Q7774678,The Whole Experience,
Q7777579,Theatrix Interactive,
Q7784503,Think Garage,
Q7785015,Third Wire,
Q7797234,Three-Sixty Pacific,
Q7797716,Three Rings Design,
Q7801484,Tiger Style,
Q7801857,TikGames,
Q7803016,Tiltfactor Lab,
Q7805202,Time Warner Interactive Entertainment,
Q7808625,Slack Technologies,
Q7812896,ToeJam & Earl Productions,
Q7813446,Toka,
Q7829653,Tower Games,
Q7834621,Transmission Games,
Q7835553,Trapdoor,
Q7837451,Trecision,
Q7838306,Trendy Entertainment,
Q7840350,TribePlay,
Q7840406,Tribetoy,
Q7840515,Tribute Games,
Q7841224,Tricky software,
Q7843146,Trion Worlds,
Q7847084,TruSim,
Q7850159,Tsunami Games,
Q7852793,Tuna Technologies,
Q7853820,Turbo Tape Games,
Q7857976,Twilight,
Q7858530,Twisted Pixel Games,
Q7859859,Tygron,
Q7861179,Typhoon Games,
Q7884447,Respawn Entertainment,
Q7885169,Unigine Corp,
Q7909334,Valcon Games,
Q7917784,VectorCell,
Q7917814,Vector Unit,
Q7917847,Vectorbeam,
Q7918753,Vektor Grafix,
Q7919545,Venan Entertainment,
Q7922955,Vertigo Games,
Q7927611,Vid Kidz,
Q7933527,Vir2L Studios,
Q7934971,"Virtual Heroes, Inc.",
Q7935019,Virtual Playground,
Q7935053,Virtual U,
Q7935221,Virtuos,
Q7935253,Virtway,
Q7936168,Vision Park,
Q7937959,Viwawa,
Q7939006,Vlambeer,
Q7939990,Volatile Games,
Q7941917,Vortex Game Studios,
Q7959294,Wadjet Eye Games,
Q7959833,Wahoo Studios,
Q7967797,Wangame Studios,
Q7969414,Warhorse Studios,
Q7976899,Wayward Design,
Q7998311,Wicked Witch Software,
Q8000452,WildTangent,
Q8027404,WisdomTools Enterprises,
Q8028740,Wizard Video,
Q8036766,Worldweaver Ltd,
Q8041515,X-Ray Kid Studios,
Q8042266,XLOC,
Q8042304,XMG Studio,
Q8043371,Launchworks,
Q8062910,Z2Live,
Q8063351,Z Sculpt,
Q8068274,Zeboyd Games,
Q8068422,Zeebo Inc.,
Q8068636,Zeiva Inc,
Q8069170,Zenobi,
Q8073511,Zoink Games,
Q8074193,Zoonami,
Q8074223,ZootFly,
Q8074739,Zoë Mode,
Q8564980,Foundation 9 Entertainment,
Q10266295,DigiFX Interactive,
Q10341211,Optik Software,
Q10518726,Headfirst Productions,
Q10556387,Legendo,
Q10855835,Craneballs Studio,
Q11024198,Black Element Software,
Q11712407,Infinite Dreams Inc.,
Q11733426,Cinemax,
Q11774994,Geewa,
Q12029133,Keen Software House,
Q12590257,Neople,
Q12592880,devCAT Studio,
Q12593736,Dragonfly,
Q12603595,Smilegate,
Q12606823,MJ Net,
Q13117583,Uber Entertainment,
Q13219333,Nixxes Software,
Q13390603,22Cans,
Q13404085,Red Thread Games,
Q13409231,"Atari, Inc.",
Q13459480,Victory Games,
Q13512393,Cellufun,
Q13581128,War Drum Studios,
Q13615053,Trickster Arts,
Q13839393,Perfect World Entertainment,
Q14001326,MumboJumbo,
Q14148399,Ghost Games,
Q14239494,Warner Bros. Games Montréal,
Q14508400,Mountain King Studios,
Q14760803,Greenheart Games,
Q14791482,Biart,
Q14891828,Humble Hearts,
Q14913022,Hitbox Team,
Q14913064,Right Square Bracket Left Square Bracket,
Q14947442,Lucid Games,
Q15018011,Atari Interactive,
Q15043527,Subset Games,
Q15055220,KamaGames,
Q15070267,"AfreecaTV Co., Ltd.",
Q15070269,Agate Studio,
Q15070274,AmnesiaGames,
Q15070279,Armature Studio,
Q15070283,AudioGaming,
Q15070295,Carbine Studios,
Q15070299,Celestial Games,
Q15070301,Cipher Prime,
Q15070309,Crytek USA,
Q15070312,Cyberdreams,
Q15070318,Dhruva Interactive,
Q15070316,Destineer,
Q15070320,Digitalmindsoft,
Q15070326,EA Singapore,
Q15070334,Fireproof Studios,
Q15070335,Flying Wild Hog,
Q15070342,GameSim,
Q15070340,Game Refuge Inc.,
Q15070346,Grand Cru (video game company),
Q15070355,HyperDevbox Japan,
Q15070353,HipSoft,
Q15070359,Illusion Labs,
Q15070356,Hypnos Entertainment,
Q15070363,Innerprise Software,
Q15070367,Iron Realms Entertainment,
Q15070364,Intorine,
Q15070370,Ivory Tower,
Q15070371,Jackbox Games,
Q15070369,Island Officials,
Q15070374,Junebud,
Q15070378,Koramgame,
Q15070384,Limbic Software,
Q15070391,Mad Genius Software,
Q15070389,Lotus Creative Entertainment,
Q15070395,Mean Hamster Software,
Q15070396,Mediatonic (video games company),
Q15070403,Mithis Entertainment,
Q15070400,Mind's Eye Productions,
Q15070410,NDOORS Corporation,
Q15070412,Netdol,
Q15070420,Oasys Mobile,
Q15070429,Playware Studios,
Q15070438,Razorback Developments,
Q15070449,Sherman3D,
Q15070455,Small Rockets,
Q15070456,Smilesoft,
Q15070467,Swedish Game Development,
Q15070465,SubLOGIC,
Q15070478,Tiny Bull Studios,
Q15070484,Trickstar Games,
Q15070492,Universomo,
Q15070500,Wildfire Studios,
Q15070508,ZettaMedia,
Q15125518,Vostok Games,
Q15232085,Lexis Numérique,
Q15240959,Team Bloodlust,
Q15268911,Torn Banner Studios,
Q15294119,Collecting Smiles,
Q15296444,Grounding Inc,
Q15623283,Dennaton Games,
Q15737144,Almost Human,
Q15813203,Spiders,
Q15895861,Press Start Inc.,
Q15895939,CBS Electronics,
Q15895956,Roklan Corporation,
Q15911229,Dream Software,
Q15964733,C&E,
Q15978532,Allods Team,
Q15984987,Star Arcade,
Q15994164,Elephant games,
Q16060202,4Kids Games,
Q16078481,Giant Interactive,
Q16218144,Singularity Software,
Q16248645,Datcroft Games,
Q16466619,Guerilla Tea,
Q16540469,Cloud Imperium Games,
Q16637457,Fun Bits Interactive,
Q16638900,Tequila Works,
Q16823622,2K Australia,
Q16839592,Games Distillery,
Q16842446,Headstrong Games,
Q16910633,Hyperspace Cowgirls,
Q16927629,Crash Lab,
Q16950209,Majorem,
Q16958749,Uken Games,
Q16967229,Playdek,
Q16967691,Press Play,
Q16974203,Action Button Entertainment,
Q16978430,Puppy Games,
Q16988330,Curve Digital,
Q16991942,Excalibur Publishing,
Q16992195,Firesprite,
Q17003340,Black Tower Studios,
Q17015491,Nerlaska Studio,
Q17017989,Nyu Media,
Q17018615,Pitbull Studio,
Q17034399,Silverback Productions,
Q17038791,Youzu Interactive,
Q17042331,Hexage,
Q17042560,Mindcraft,
Q17042723,Pixelmatic,
Q17042726,Plain Vanilla Games,
Q17042830,Room 8 Studio,
Q17042836,Royal Wins,
Q17048327,US Games,
Q17048692,Simogo,
Q17048785,Starship Group,
Q17297596,Yager Development,
Q17373691,Flair Software,
Q17401824,Spark Plug Games,
Q17401825,Quantum Mechanix,
Q17483938,Crytek Frankfurt,
Q17511176,Boss Key Productions,
Q17512236,Broken Crayon Games,
Q17515562,Xona Games,
Q17747126,Fox Digital Entertainment,
Q17986552,Cloudgine,
Q18002302,Skilltree Studios,
Q18002304,Gaming Minds Studios,
Q18154650,Mighty Rabbit Studios,
Q18206497,Disco Pixel,
Q18215959,Pinkerton Road Studio,
Q18293836,TicBits Ltd.,
Q18343647,Poppermost Productions,
Q18345499,Psyonix,
Q18352597,Dreamatrix Game Studios,
Q18353957,Limbic Entertainment,
Q18357865,Masthead Studios,
Q18388687,Lift London,
Q18390435,Youda Games,
Q18394514,TinyCo,
Q18398602,Minority Media,
Q18414205,Future Games Of London,
Q18416053,Amplitude Studios,
Q18711307,Gamelearn,
Q18712346,Inkle,
Q18712558,Teotl Studios,
Q18713039,Incubator Games,
Q18834378,Imperia Online Ltd,
Q18922858,Little Green Men Games,
Q18927002,Phoenix Arts,
Q19463265,Mere Mortals,
Q19516403,Playtonic Games,
Q19579914,Black Shell Games,
Q19773186,Smoking Gun Interactive,
Q19817108,Brainy Studio LLC,
Q19844300,Unreal Software,
Q19864761,Artifice Studio,
Q19866605,Critical Gameplay,
Q19873165,Failbetter Games,
Q19876460,Blue Isle Studios,
Q19902562,KING Art Games,
Q19903189,Bulldog Interactive,
Q19903340,Infamous Quests,
Q19903637,Shiro Games,
Q20031746,Ketchapp,
Q20164507,Tomorrow Corporation,
Q20312521,Affect,
Q20312580,3d6 Games,
Q20642236,Blacknorth,
Q20707755,Grimlore Games,
Q20708202,Boss Fight Entertainment,
Q20712108,AirG Inc.,
Q20720708,Morepork Games,
Q20726296,Etermax,
Q20828788,Project Soul,
Q20975602,Rayark Inc.,
Q20991856,LFC Multimedia,
Q21043360,Virtual Programming,
Q21084178,La Moustache Studio,
Q21086348,XGen Studios,
Q21131681,Deep Silver Dambuster Studios,
Q21131706,FortuneFish,
Q21170267,Creative Mobile,
Q21170271,Night Light Interactive,
Q21170272,Rogue Rocket Games,
Q21178686,Mektek Studios,
Q21189319,En Masse Entertainment,
Q21189695,Pixel Press,
Q21189808,tinyBuild Games,
Q21245163,Red Dot Games,
Q21405666,SkyBox Labs,
Q21463008,DC Studios,
Q21463158,Harebrained Schemes,
Q21463692,Tri Synergy,
Q21515527,Xbox Entertainment Studios,
Q21563289,Chucklefish,
Q21563329,DMA Design,
Q21708180,Atelier 801,
Q21777038,Bemani,
Q22031476,Image & Form,
Q22098668,Timi Studio Group,
Q22908766,Grumpyface Studios,
Q22908904,Hipster Whale,
Q23252179,Playful,
Q23252700,Turbo Button,
Q23253363,White Door Games,
Q23253748,Carbon Games,
Q23253782,Gunfire Games,
Q23301389,Psytec Games ,
Q23301955,Team Gotham,
Q23302382,Badim,
Q23303120,Parabole,
Q23303211,Joe Williams,
Q23303331,Giant Army,
Q23303395,Robot Gentleman,
Q23303404,Rooster Teeth Games,
Q23303412,Clever Endeavour Games,
Q23303443,Dan Fornace ,
Q23303461,Madruga Works,
Q23303466,Those Awesome Guys,
Q23303470,Blacklight Interactive,
Q23303488,Radiant Entertainment,
Q23303494,Mirinae,
Q23303493,Blaze Gamers,
Q23303497,Altfuture,
Q23303502,Date Nighto,
Q23303500,Microblast Games,
Q23303506,Screen 7,
Q23303507,Harvester Games,
Q23303504,Guru Games,
Q23303509,Incodra,
Q23303512,Hunter Studio,
Q23303519,Fervent,
Q23303593,Big Corporation,
Q23304751,Cardboard Robot Games,
Q23304799,VaragtP,
Q23304796,CreSpirit,
Q23306212,Ankama Canada,
Q23306630,SnoutUp,
Q23307367,GNISoft,
Q23307399,Electric Games,
Q23307432,Wayward Prophet,
Q23307442,Batholith Entertainment,
Q23307504,Nickervision Studios,
Q23307997,Daniel Wright,
Q23308016,Happy Tuesday,
Q23308039,FLAT12,
Q23308036,Absolutist Ltd.,
Q23308042,AIVIK LLC,
Q23308044,Pixellore,
Q23309220,KROBON station,
Q23309227,FIVE-BN GAMES,
Q23309225,Pixel Federation,
Q23309234,IMC Games,
Q23309239,Tachi,
Q23309241,Studio Wildcard,
Q23309247,"QianZhiHuDong Network Technology Co., Ltd.",
Q23385117,Rogue Factor,
Q23385811,The Innocent Devils,
Q23385983,3Division,
Q23386385,cupholder,
Q23386559,Out of the Park Developments,
Q23541586,Moon Studios,
Q23759334,Dylan Fitterer,
Q23759360,Oxide Games,
Q23759377,Lazy Bear Games,
Q23759456,HuniePot,
Q23759525,Paradox North,
Q23759529,Parallax Arts Studio,
Q23759640,高考恋爱委员会,
Q23759646,橘子班,
Q23760851,Manic Game Studios,
Q23761546,Colibri Games,
Q23761586,Night School Studio,
Q23762623,PixelTail Games,
Q23762827,Stress Level Zero,
Q23762835,I-Illusions,
Q23762856,Futuretown,
Q23762917,Tammeka Games,
Q23762984,Alpha Wave Entertainment,
Q23762991,AAD Productions,
Q23762997,Phr00t's Software,
Q23763001,"Wevr, Inc.",
Q23763011,Cloudhead Games ltd.,
Q23763151,Phaser Lock Interactive,
Q23763181,VRUnicorns,
Q23763206,Triangular Pixels,
Q23763230,Stephen Long,
Q23763238,Virtualex,
Q23763242,Eerie Bear Games,
Q23763468,Hourences,
Q23774351,Indimo Labs LLC,
Q23774353,Immersive VR Education Ltd.,
Q23774356,Marc Ellis,
Q23774363,Pompaduo,
Q23774360,Ape Law,
Q23774365,RUST LTD.,
Q23774371,Descendent Studios,
Q23774375,Marcus Nichols,
Q23774372,"Alzan Studios, LLC",
Q23774385,Foreignvr,
Q23774390,Isaac Cohen,
Q23774394,Hammer Labs,
Q23774392,Innerspace VR,
Q23774400,Shaun Williams,
Q23774479,MAG Studios,
Q23774683,Mechabit Ltd,
Q23774718,Ghost Machine,
Q23774721,Oasis VR,
Q23774728,Schell Games,
Q23775593,"Lucid Sight, Inc.",
Q23775596,Taranasus Studio,
Q23775601,narayana games UG,
Q23775604,"Metaware Limited, LLC",
Q23775611,Scornz,
Q23775608,Red River Studio LLC,
Q23775615,Ruce,
Q23775613,Legend Studio,
Q23775617,Lucky You Studio,
Q23775623,HandMade Game,
Q23775620,Namazu Studios,
Q23775627,Flatbox Studios,
Q23775625,GuidiGermano,
Q23775630,Blackthorn Media,
Q23775629,Buffalo Vision,
Q23775632,realities.io,
Q23775644,Ionized Games,
Q23775648,Lightning Rock,
Q23775654,Wolf & Wood Interactive,
Q23775671,Nefarious Dimensions Inc.,
Q23775674,Tyler Hurd,
Q23775758,Paul Eckhardt,
Q23776812,Skobbejak Games,
Q23795626,Fishing Planet,
Q23795630,Steel Wool Games,
Q23795636,Northway Games,
Q23795654,Justin Moravetz,
Q23795666,Carlos Coronado,
Q23795669,Roel van Beek,
Q23927578,Monomi Park,
Q24079856,TURBOGUN,
Q24079884,"Acceleroto, Inc.",
Q24079889,TreeFortress Games,
Q24079919,RocketWerkz,
Q24079925,"BigScreen, Inc.",
Q24079935,Barry McCabe,
Q24079939,Ramjet Anvil,
Q24079944,Zenz VR,
Q24079968,Chris Chung,
Q24079979,Sad Panda Studios,
Q24079987,Endless Loop Studios,
Q24080184,Brace Yourself Games,
Q24080224,Pixel Ferrets,
Q24080237,Spiderling Studios,
Q24080817,Killmonday Games HB,
Q24081011,Irresponsible Games,
Q24081023,Daniel Mullins Games,
Q24081031,iNK Stories,
Q24081281,△○□× (Miwashiba),
Q24081286,Schulenburg Software,
Q24081287,Muse Games,
Q24228237,U-Play Online,
Q24229399,The Astronauts,
Q24254673,David Mccue,
Q24255578,Носков Сергей,
Q24255583,Shugasu UG,
Q24255586,Thylacine Studios,
Q24255590,Reentry Games,
Q24255588,Viswanath Atlu,
Q24255596,Playrise Digital Ltd.,
Q24255601,UnexEvo,
Q24255604,Big Fat Simulations Inc.,
Q24255643,ICE Entertainment,
Q24255645,Snowbird Games,
Q24255742,Texel Raptor,
Q24255747,Modulaatio Games,
Q24255745,BlankMediaGames,
Q24255750,Star Gem Inc.,
Q24255763,Panoramik Inc,
Q24255773,MinMax Games Ltd.,
Q24255790,Raptor Claw Games,
Q24255800,Reiza Studios,
Q24255835,Landon Podbielski,
Q24255833,Hammerfall Publishing,
Q24255846,Payload Studios,
Q24255845,"Jundroo, LLC",
Q24255849,Dekovir Entertainment,
Q24255901,Flashback Games,
Q24255916,Koboldgames,
Q24255920,Arvydas Žemaitis,
Q24255928,Code Club AB,
Q24255955,Nexus Game Studios,
Q24255981,Sorath,
Q24255989,Dogenzaka Lab,
Q24255996,Mandragora,
Q24256009,Tokyo RPG Factory,
Q24256112,Ole Lange,
Q24256166,Signal Studios,
Q24256175,Deck13 Hamburg,
Q24256203,Fly System,
Q24256223,Transhuman Design,
Q24256448,DnS Development,
Q24256455,Turtle Cream,
Q24256452,Qooc Software,
Q24256458,Dark Castle Software,
Q24256491,exosyphen studios,
Q24256541,Crazy Moo Games,
Q24256586,Petit Depotto,
Q24256588,Priority Interrupt,
Q24256604,Specialbit Studio,
Q24664854,Sloclap,
Q24695424,Rain Games,
Q24698820,genDESIGN,
Q24707091,Finji,
Q24909573,Modoka Studios,
Q25441778,InLogic Software,
Q25916872,FocuStars Games Studios,
Q25932560,Killjoy Games,
Q26257641,PassTech Games,
Q26455487,Shining Rock Software,
Q26689565,Umbrella,
Q26689717,Games From Outer Space,
Q26715402,GrabTheGames,
Q26715453,Axolot Games,
Q26715541,Dinosaur Polo Club,
Q26715626,G2CREW,
Q26720075,Wube Software,
Q26791592,SomaSim,
Q26822168,Campo Santo,
Q26837438,Sean Krankel,
Q26842891,UNIANA,
Q26904753,3 Sprockets,
Q26966356,Variable State,
Q27044867,Ocelot Society,
Q27303837,Cubical Drift,
Q27630583,Umbrella,
Q27665087,D-Pad Studio,
Q27703660,Odnako Games,
Q27739768,CyberAlliance,
Q28154317,Bandai Entertainment Company,
Q28924488,Tamatem,
Q29047505,thumbspire,
Q29159298,Ghost Town Games,
Q29227659,Ndemic Creations,
Q29578855,Logic Artists,
Q29782891,Industrial Game Studios,
Q29964544,Tindalos Interactive,
Q30032973,X-bow Software,
Q30041006,TheMeatly Games,
Q30086425,Optimum Resource,
Q30105931,Red Hook Studios,
Q30111892,Iron Tower Studios,
Q30145026,Adult Swim Games,
Q30225692,Hinterland Studio Inc.,
Q30247167,Forgotten Empires,
Q30597522,Atooi,
Q30892769,Meridian4,
Q31246483,Liveplex,
Q31276253,Pipliz,
Q31277048,Lizardcube,
Q31280668,Angry Mob Games,
Q31283791,Ertal Games,
Q31285228,OhNoo Studio,
Q31286552,JRad Games,
Q31287807,Sapphire Dragon Productions,
Q31287898,Last Lotus,
Q31288065,Girls Make Games,
Q31288527,8th Floor Games,
Q31288788,Encore,
Q31605811,Divine Games,
Q31606161,Antab Studio,
Q31607781,Synapse Games,
Q31610464,SpinTop Games,
Q31614246,The Gentlebros,
Q31617364,Studio Wumpus,
Q31617528,4-Panel Footprint,
Q31618055,Strangely Interactive Ltd,
Q31619583,SMAC Games,
Q31624475,Vertigo Games,
Q31625367,Matt Dabrowski,
Q31625870,Expansive Worlds,
Q31626043,Dire Wolf Digital,
Q31627033,IronOak Games,
Q31628994,Lince Works,
Q31630015,Stunlock Studios,
Q31631075,SmashGames,
Q31632128,Conatus Creative Inc.,
Q31633667,cloudcade,
Q31633758,WeirdBeard,
Q31634701,Elias Viglione,
Q31636160,Fntastic,
Q31636564,Eight Points,
Q31638165,Everglow Interactive Inc.,
Q31638773,LuGus Studios,
Q31641433,Other Ocean Interactive,
Q31641880,Sluggerfly,
Q31648743,FlipSwitch Games,
Q31649058,Milkstone Studios,
Q31649157,Stegersaurus Software Inc.,
Q31663580,RedCandleGames,
Q31666674,Mastfire Studios,
Q31670671,Little Cat Feet,
Q31678377,CreativeForge Games,
Q31678473,Silk Games,
Q31679001,Geeta Games,
Q31726214,"A Sharp, LLC",
Q31726546,Broken Window Studios,
Q31727687,Three Phase Interactive Pty Ltd,
Q31738507,Section Studios,
Q31743430,Hellscape Games,
Q31744155,G-OLD,
Q31744264,Fully Bugged,
Q31967389,PixelFade Inc,
Q31969681,ALICE IN DISSONANCE,
Q31969870,Stray Fawn Studio,
Q31980732,SRF Games,
Q31981980,Sillysoft Games,
Q31984956,Over the Top Games,
Q31990228,Urbanscan,
Q31999943,Burst,
Q32002767,Vertigo Gaming Inc.,
Q32003426,SOCKO! Entertainment,
Q32003874,Kronosaur Productions,
Q32016413,Shining Pixel Studios,
Q32020188,ROCKFISH Games,
Q32020784,sparsevector,
Q32021960,"Thekla, Inc.",
Q32025644,Entrada Interactive LLC,
Q32037808,Sukeban Games,
Q32038645,Berzerk Studio,
Q32039346,Zero Point Software,
Q32039439,Ntronium Games,
Q32039810,Paperash studio,
Q32059724,Digital Cybercherries,
Q32059928,Mechanical Butterfly Studios,
Q32059956,Rainbow Games,
Q32059975,Aesir Interactive,
Q32059991,Baroque Decay,
Q32060794,Awaceb,
Q32060798,Screeps,
Q32060815,Boxelware,
Q32094697,Tim Conkling,
Q32094873,Stormcloud Games,
Q32095024,Split Polygon,
Q32096228,Flying Helmet Games,
Q32096292,JetCat Games,
Q32096370,Samurai Punk,
Q32313041,Caustic Creative,
Q32313788,Fantahorn Studio,
Q32405336,MiniBoss,
Q32410014,Kite Games,
Q32410981,Mothership Entertainment LLC,
Q32411635,StarSystemStudios™,
Q32414714,Barrel Roll Games,
Q32414970,Brilliant Game Studios,
Q32415351,Rupeck Games,
Q32568590,Hindarium,
Q32860566,Team Fractal Alligator,
Q32860574,Osmotic Studios,
Q32860600,Antagonist,
Q32860610,madosoft,
Q32860615,Butterscotch Shenanigans,
Q32860618,House House,
Q32860616,Stoic,
Q32860620,Pixelbomb Games,
Q32860647,Misfits Attic,
Q32860651,Counterplay Games Inc.,
Q32860656,Drizzly Bear,
Q32860731,Giant Margarita,
Q32860746,Analgesic Productions LLC,
Q32860744,Waygetter Electronics,
Q32860745,Zillion Whales,
Q32860748,Driven Arts,
Q32860749,Terrible Toybox,
Q32860755,Juggernaut Games,
Q32860753,Pixel Titans,
Q32860757,Borealys Games,
Q32860761,Broken Rules,
Q32860775,Eastshade Studios LLC,
Q32860777,Nik Nak Studios,
Q32860788,Loren Lemcke,
Q32900502,Wispfire,
Q32904743,Pantera Entertainment,
Q32904761,Drool,
Q32904771,Loiste Interactive,
Q32904801,Weappy Studio,
Q32904814,Art in Heart,
Q32904813,Camel 101,
Q32904821,Nerial,
Q32904841,Sassybot,
Q32904861,Bits & Beasts,
Q32904869,Mindillusion,
Q32904874,Swordtales,
Q32922682,The Binary Mill,
Q32950935,Yingpei Games,
Q32952178,Tomkorp Computer Solutions Inc.,
Q32955296,Source Studio Ltd.,
Q32955629,WaterMelon,
Q32956292,Octane Games,
Q32984827,Frogmind,
Q33005237,Kumobius,
Q33008540,Kurisu no Patto,
Q33103624,Dominique Grieshofer,
Q33103644,Sand Sailor Studio,
Q33104575,Crocodile Entertainment,
Q33104578,EightyEightGames,
Q33104581,Pencil Test Studios,
Q33104592,Nekomura Games,
Q33108530,Sandstorm Productions,
Q33108641,Idol FX,
Q33108651,777 Studios,
Q33108658,Red Wasp Design Ltd,
Q33108661,JoyBits Ltd.,
Q33108667,Subsoap,
Q33111339,Digital Continue,
Q33111384,PolyKnight Games,
Q33111877,"Hawken Entertainment, Inc.",
Q33111933,"Hopoo Games, LLC",
Q33111958,AwesomeBlade,
Q33111970,Sauropod Studio,
Q33111975,Konstantin Koshutin,
Q33111972,The Indie Stone,
Q33111989,Coilworks,
Q33111996,Zachtronics,
Q33112006,Xaviant,
Q33188597,Avatar Creations,
Q33188643,RichMakeGame,
Q33189088,Crystal Empire Games,
Q33189130,Tomoaki Sugeno,
Q33189192,Badland Studio,
Q33189214,STUDIO RADI-8,
Q33198159,The Irregular Corporation,
Q33198339,Hermitworks Entertainment,
Q33198426,SOF Studios Ltd,
Q33198438,5 Lives Studios,
Q33198455,Numinous Games,
Q33198462,Abbey Games,
Q33198469,Freejam,
Q33198490,GalaxyTrail,
Q33198509,Anisoptera Games,
Q33198519,Playsaurus,
Q33198526,IMGN.PRO,
Q33198629,Mode 7,
Q33198714,Black Market Games,
Q33198731,Moonpod,
Q33198746,Ivy Games,
Q33198768,Blind Mind Studios,
Q33198776,Spooky Squid Games Inc.,
Q33198804,Untame,
Q33198825,MiniVisions,
Q33245901,Vogelsap,
Q33245968,Haruneko Entertainment,
Q33245983,the whale husband,
Q33246120,Terrible Posture Games,
Q33247388,Prism Studios,
Q33247583,Whalenought Studios,
Q33247613,Numantian Games,
Q33247617,Aterdux Entertainment,
Q33247668,Royal Troupe,
Q33248026,8monkey Labs,
Q33248034,Big Sandwich Games,
Q33248039,Krystian Majewski,
Q33248046,Eden Industries,
Q33248058,Team Psykskallar,
Q33248139,Cellar Door Games,
Q33248159,Messhof,
Q33248278,Suspicious Developments,
Q33248319,JoyMasher,
Q33248337,BeautiFun Games,
Q33252564,MagicalTimeBean,
Q33252636,Lostwood,
Q33252651,Wild Games Studio,
Q33252807,Incandescent Imaging,
Q33252867,League of Geeks,
Q33252873,Puny Human,
Q33252883,Indomitus Games,
Q33252890,Santa Ragione,
Q33252897,Minor Key Games,
Q33252900,Ludeon Studios,
Q33252906,Metalhead Software Inc.,
Q33252998,Stroboskop,
Q33255668,Destructive Creations,
Q33277867,Nimbly Games,
Q33278173,Data Realms,
Q33278279,Mando productions,
Q33278403,Zaratustra Productions,
Q33326051,Noah System,
Q33326196,Final Form Games,
Q33326238,Exor Studios,
Q33326306,XII Games,
Q33326497,3909,
Q33326652,Archive Entertainment,
Q33327330,"Schine, GmbH",
Q33327402,Senscape,
Q33327484,Smartly Dressed Games,
Q33327493,Dead Mage,
Q33327580,Robot Loves Kitty,
Q33436117,"Bit Planet Games, LLC",
Q33436162,QCF Design,
Q33436427,MoaCube,
Q33436982,Crackshell,
Q33437793,Steel Crate Games,
Q33438053,Berserk Games,
Q33438189,No Goblin,
Q33438243,Scientifically Proven,
Q33438294,SoftWarWare,
Q33438646,Eyebrow Interactive,
Q33438677,FreakZone Games,
Q33438728,Black Pants Studio,
Q33438888,Blue Bottle Games,
Q33438925,Owl Cave,
Q33439073,Phoenix Online Studios,
Q33440256,Netcore Games,
Q33440274,Krillbite Studio,
Q33440368,YOTSUBANE,
Q33440556,Zombie Panic Team,
Q33440588,"Vectorpark, Inc.",
Q33441107,Cockroach Inc.,
Q33441356,Switchblade Monkeys Entertainment,
Q33441731,Question,
Q33441836,NotGames,
Q33441896,Gambrinous,
Q33441989,"BadFly Interactive, a.s.",
Q33442011,Virtual Basement LLC,
Q33442292,Thomas Happ Games LLC,
Q33444713,SONNORI Corp,
Q33444924,Stage 2 Studios,
Q33446018,Fakt Software,
Q33449357,Citeremis Inc.,
Q33451873,SilverSphereStudios,
Q33453054,Octoshark Studios,
Q33453162,Psychic Software,
Q33454668,Teeworlds Team,
Q33454713,Bird in Sky,
Q33454973,VIS - Visual Imagination Software,
Q33455185,Silver Wish Games,
Q33459889,Locked Door Puzzle,
Q33459941,grapefrukt games,
Q33461477,StaudSoft,
Q33461608,Flippfly LLC,
Q33461742,Soviet Games,
Q33461838,B-evil,
Q33461935,Zaxis Games,
Q33462287,Over The Moon,
Q33462354,Nyamyam,
Q33462821,Thunder Lotus Games,
Q33463422,Flox Studios Ltd.,
Q33465158,Cornfox & Bros.,
Q33465465,"Monochrome, Inc",
Q33465495,Phosfiend Systems,
Q33465537,Young Horses,
Q33465912,BeamNG,
Q33466025,Iridium Studios,
Q33466131,Uppercut Games Pty Ltd,
Q33466155,Eleon Game Studios,
Q33466181,Outerminds Inc.,
Q33466242,Digital Media Workshop,
Q33508052,Born Ready Games Ltd.,
Q33508176,Facepalm Games,
Q33508224,FuturLab,
Q33508628,Kyle Seeley,
Q33508923,Michael Todd Games,
Q33509239,Asteroid Base,
Q33509251,Oovee® Game Studios,
Q33509468,Powerhoof,
Q33509473,Screwfly Studios,
Q33509553,The Game Kitchen,
Q33509640,Leafy Games,
Q33509667,Radial Games Corp,
Q33534213,Fun Infused Games,
Q33534258,Grynsoft,
Q33534310,SDEnterNet,
Q33534443,DEVGRU-P,
Q33534591,Pinterac,
Q33534754,Tyler Glaiel,
Q33542254,Phosphor Games Studio,
Q33542290,Lukas Navratil,
Q33542300,Gatling Goat Studios,
Q33542517,RuneStorm,
Q33542596,Infinitap Games,
Q33542636,Reakktor Studios,
Q33542873,Limasse Five,
Q33543111,Silver Dollar Games,
Q33543123,Toxic Games,
Q33543336,Crowbar Collective,
Q33544990,OP Productions LLC,
Q33545411,THE BROTHERHOOD,
Q33545546,stage-nana,
Q33546328,Fenix Fire Entertainment,
Q33546415,Green Lava Studios,
Q33568859,Lukewarm Media,
Q33570408,Gausswerks,
Q33575594,Mad Vulture Games,
Q33575906,Critical Studio,
Q33576253,Games Farm,
Q33704625,E-Line Media,
Q33810505,Wander MMO,
Q33811210,Kew McParlane,
Q34365390,Jasper Byrne,
Q39037814,Matt Thorson,
Q39038111,Beam Team Games,
Q39047089,Gamious,
Q40881750,MovingBlocks,
Q41573694,Pocket Gems,
Q42324284,Maschinen-Mensch,
Q42588527,Streetout Games,
Q42663892,Animu Game,
Q42725768,Laundry Bear Games,
Q42901964,Reborn Games,
Q44293084,Fruitbat Factory,
Q44296018,Lucky Frame,
Q45057674,InsGames,
Q45319364,Turbulenz,
Q45321060,Jujubee S.A.,
Q45321140,Evil Twin Artworks,
Q46617715,Private Division,
Q47086946,Callipygian Games,
Q47103585,Pocketwatch Games,
Q47110237,Killspace Entertainment,
Q47455664,Witch Beam,
Q28225,2K Play,
